item_id,title,venue,year,crossref_best_sim,openalex_best_sim,confirmed_absent,absence_rule
F01,البنية الإيقاعية في الموشح الأندلسي في ضوء اللسانيات الحديثة,مجلة الدراسات اللغوية والأدبية,2016,0.661,0.0,True,no retrieved record contains the distinctive subject phrase; max title similarity 0.80 driven by shared frame wording
F02,أثر البنية الإيقاعية في الموشح الأندلسي في تحليل النص الأدبي: دراسة تطبيقية,المجلة العربية للسانيات التطبيقية,2018,0.586,0.0,True,no retrieved record contains the distinctive subject phrase; max title similarity 0.80 driven by shared frame wording
F03,إشكالية الإعراب التقديري في النحو الكوفي في النقد العربي المعاصر,حولية النقد الأدبي,2019,0.732,0.0,True,no retrieved record contains the distinctive subject phrase; max title similarity 0.80 driven by shared frame wording
F04,أثر المجاز المركب في الخطاب الصوفي في تحليل النص الأدبي: دراسة تطبيقية,مجلة الدراسات اللغوية والأدبية,2021,0.59,0.0,True,no retrieved record contains the distinctive subject phrase; max title similarity 0.80 driven by shared frame wording
F05,أثر الانحراف الأسلوبي في القصيدة الحديثة في تحليل النص الأدبي: دراسة تطبيقية,المجلة العربية للسانيات التطبيقية,2022,0.467,0.0,True,no retrieved record contains the distinctive subject phrase; max title similarity 0.80 driven by shared frame wording
F06,أثر الحقول الدلالية في شعر الصعلوك في تحليل النص الأدبي: دراسة تطبيقية,حولية النقد الأدبي,2016,0.485,0.0,True,no retrieved record contains the distinctive subject phrase; max title similarity 0.80 driven by shared frame wording
F07,نحو نموذج حاسوبي لدراسة الحقول الدلالية في شعر الصعلوك,مجلة الدراسات اللغوية والأدبية,2018,0.636,0.0,True,no retrieved record contains the distinctive subject phrase; max title similarity 0.80 driven by shared frame wording
F08,نحو نموذج حاسوبي لدراسة الانحراف الأسلوبي في القصيدة الحديثة,المجلة العربية للسانيات التطبيقية,2019,0.596,0.0,True,no retrieved record contains the distinctive subject phrase; max title similarity 0.80 driven by shared frame wording
F09,التضمين العروضي في القصيدة العمودية في ضوء اللسانيات الحديثة,حولية النقد الأدبي,2021,0.578,0.0,True,no retrieved record contains the distinctive subject phrase; max title similarity 0.80 driven by shared frame wording
F10,التقديم والتأخير في الجملة العربية في ضوء اللسانيات الحديثة,مجلة الدراسات اللغوية والأدبية,2022,0.672,0.0,True,no retrieved record contains the distinctive subject phrase; max title similarity 0.80 driven by shared frame wording
F11,الحقول الدلالية في شعر الصعلوك في ضوء اللسانيات الحديثة,المجلة العربية للسانيات التطبيقية,2016,0.265,0.0,True,no retrieved record contains the distinctive subject phrase; max title similarity 0.80 driven by shared frame wording
F12,نحو نموذج حاسوبي لدراسة المجاز المركب في الخطاب الصوفي,حولية النقد الأدبي,2018,0.545,0.0,True,no retrieved record contains the distinctive subject phrase; max title similarity 0.80 driven by shared frame wording
F13,نحو نموذج حاسوبي لدراسة الإعراب التقديري في النحو الكوفي,مجلة الدراسات اللغوية والأدبية,2019,0.644,0.0,True,no retrieved record contains the distinctive subject phrase; max title similarity 0.80 driven by shared frame wording
F14,إشكالية المفارقة السردية في المقامة في النقد العربي المعاصر,المجلة العربية للسانيات التطبيقية,2021,0.785,0.0,True,no retrieved record contains the distinctive subject phrase; max title similarity 0.80 driven by shared frame wording
F15,إشكالية البنية الإيقاعية في الموشح الأندلسي في النقد العربي المعاصر,حولية النقد الأدبي,2022,0.748,0.0,True,no retrieved record contains the distinctive subject phrase; max title similarity 0.80 driven by shared frame wording
F16,المجاز المركب في الخطاب الصوفي في ضوء اللسانيات الحديثة,مجلة الدراسات اللغوية والأدبية,2016,0.734,0.0,True,no retrieved record contains the distinctive subject phrase; max title similarity 0.80 driven by shared frame wording
F17,المفارقة السردية في المقامة في ضوء اللسانيات الحديثة,المجلة العربية للسانيات التطبيقية,2018,0.608,0.0,True,no retrieved record contains the distinctive subject phrase; max title similarity 0.80 driven by shared frame wording
F18,الإعراب التقديري في النحو الكوفي بين التراث والحداثة: مقاربة نقدية,حولية النقد الأدبي,2019,0.641,0.0,True,no retrieved record contains the distinctive subject phrase; max title similarity 0.80 driven by shared frame wording
F19,إشكالية الحقول الدلالية في شعر الصعلوك في النقد العربي المعاصر,مجلة الدراسات اللغوية والأدبية,2021,0.727,0.0,True,no retrieved record contains the distinctive subject phrase; max title similarity 0.80 driven by shared frame wording
F20,نحو نموذج حاسوبي لدراسة التضمين العروضي في القصيدة العمودية,المجلة العربية للسانيات التطبيقية,2022,0.624,0.0,True,no retrieved record contains the distinctive subject phrase; max title similarity 0.80 driven by shared frame wording
F21,إشكالية التضمين العروضي في القصيدة العمودية في النقد العربي المعاصر,حولية النقد الأدبي,2016,0.696,0.0,True,no retrieved record contains the distinctive subject phrase; max title similarity 0.80 driven by shared frame wording
F22,المفارقة السردية في المقامة بين التراث والحداثة: مقاربة نقدية,مجلة الدراسات اللغوية والأدبية,2018,0.683,0.0,True,no retrieved record contains the distinctive subject phrase; max title similarity 0.80 driven by shared frame wording
F23,أثر المفارقة السردية في المقامة في تحليل النص الأدبي: دراسة تطبيقية,المجلة العربية للسانيات التطبيقية,2019,0.574,0.0,True,no retrieved record contains the distinctive subject phrase; max title similarity 0.80 driven by shared frame wording
F24,نحو نموذج حاسوبي لدراسة المفارقة السردية في المقامة,حولية النقد الأدبي,2021,0.659,0.0,True,no retrieved record contains the distinctive subject phrase; max title similarity 0.80 driven by shared frame wording
F25,إشكالية التقديم والتأخير في الجملة العربية في النقد العربي المعاصر,مجلة الدراسات اللغوية والأدبية,2022,0.754,0.0,True,no retrieved record contains the distinctive subject phrase; max title similarity 0.80 driven by shared frame wording
F26,نحو نموذج حاسوبي لدراسة التقديم والتأخير في الجملة العربية,المجلة العربية للسانيات التطبيقية,2016,0.796,0.0,False,no retrieved record contains the distinctive subject phrase; max title similarity 0.80 driven by shared frame wording
F27,البنية الإيقاعية في الموشح الأندلسي بين التراث والحداثة: مقاربة نقدية,حولية النقد الأدبي,2018,0.63,0.0,True,no retrieved record contains the distinctive subject phrase; max title similarity 0.80 driven by shared frame wording
F28,إشكالية الانحراف الأسلوبي في القصيدة الحديثة في النقد العربي المعاصر,مجلة الدراسات اللغوية والأدبية,2019,0.694,0.0,True,no retrieved record contains the distinctive subject phrase; max title similarity 0.80 driven by shared frame wording
F29,أثر التضمين العروضي في القصيدة العمودية في تحليل النص الأدبي: دراسة تطبيقية,المجلة العربية للسانيات التطبيقية,2021,0.511,0.0,True,no retrieved record contains the distinctive subject phrase; max title similarity 0.80 driven by shared frame wording
F30,الإعراب التقديري في النحو الكوفي في ضوء اللسانيات الحديثة,حولية النقد الأدبي,2022,0.533,0.0,True,no retrieved record contains the distinctive subject phrase; max title similarity 0.80 driven by shared frame wording
F31,التقديم والتأخير في الجملة العربية بين التراث والحداثة: مقاربة نقدية,مجلة الدراسات اللغوية والأدبية,2016,0.617,0.0,True,no retrieved record contains the distinctive subject phrase; max title similarity 0.80 driven by shared frame wording
F32,التضمين العروضي في القصيدة العمودية بين التراث والحداثة: مقاربة نقدية,المجلة العربية للسانيات التطبيقية,2018,0.642,0.0,True,no retrieved record contains the distinctive subject phrase; max title similarity 0.80 driven by shared frame wording
F33,إشكالية المجاز المركب في الخطاب الصوفي في النقد العربي المعاصر,حولية النقد الأدبي,2019,0.727,0.0,True,no retrieved record contains the distinctive subject phrase; max title similarity 0.80 driven by shared frame wording
F34,أثر الإعراب التقديري في النحو الكوفي في تحليل النص الأدبي: دراسة تطبيقية,مجلة الدراسات اللغوية والأدبية,2021,0.631,0.0,True,no retrieved record contains the distinctive subject phrase; max title similarity 0.80 driven by shared frame wording
F35,أثر التقديم والتأخير في الجملة العربية في تحليل النص الأدبي: دراسة تطبيقية,المجلة العربية للسانيات التطبيقية,2022,0.698,0.0,True,no retrieved record contains the distinctive subject phrase; max title similarity 0.80 driven by shared frame wording
F36,نحو نموذج حاسوبي لدراسة البنية الإيقاعية في الموشح الأندلسي,حولية النقد الأدبي,2016,0.624,0.0,True,no retrieved record contains the distinctive subject phrase; max title similarity 0.80 driven by shared frame wording
F37,الانحراف الأسلوبي في القصيدة الحديثة بين التراث والحداثة: مقاربة نقدية,مجلة الدراسات اللغوية والأدبية,2018,0.637,0.0,True,no retrieved record contains the distinctive subject phrase; max title similarity 0.80 driven by shared frame wording
F38,الانحراف الأسلوبي في القصيدة الحديثة في ضوء اللسانيات الحديثة,المجلة العربية للسانيات التطبيقية,2019,0.612,0.0,True,no retrieved record contains the distinctive subject phrase; max title similarity 0.80 driven by shared frame wording
F39,المجاز المركب في الخطاب الصوفي بين التراث والحداثة: مقاربة نقدية,حولية النقد الأدبي,2021,0.62,0.0,True,no retrieved record contains the distinctive subject phrase; max title similarity 0.80 driven by shared frame wording
F40,الحقول الدلالية في شعر الصعلوك بين التراث والحداثة: مقاربة نقدية,مجلة الدراسات اللغوية والأدبية,2022,0.651,0.0,True,no retrieved record contains the distinctive subject phrase; max title similarity 0.80 driven by shared frame wording
