theme,prevalence_pct,coder_A_n,coder_B_n,agreement,kappa,denominator_n,denominator_note
T1,71.6,98,100,0.945,0.873,141,prevalence over the 141-respondent barrier corpus; coder counts over all 145 coded units
T2,48.2,68,65,0.979,0.958,141,prevalence over the 141-respondent barrier corpus; coder counts over all 145 coded units
T3,8.5,10,12,0.986,0.902,141,prevalence over the 141-respondent barrier corpus; coder counts over all 145 coded units
T4,16.3,22,23,0.993,0.974,141,prevalence over the 141-respondent barrier corpus; coder counts over all 145 coded units
T5,14.2,14,23,0.938,0.724,141,prevalence over the 141-respondent barrier corpus; coder counts over all 145 coded units
T6,6.4,9,8,0.993,0.938,141,prevalence over the 141-respondent barrier corpus; coder counts over all 145 coded units
T7,2.1,2,3,0.993,0.797,141,prevalence over the 141-respondent barrier corpus; coder counts over all 145 coded units
T8,6.4,9,9,1.0,1.0,141,prevalence over the 141-respondent barrier corpus; coder counts over all 145 coded units
T9,2.8,8,8,1.0,1.0,141,prevalence over the 141-respondent barrier corpus; coder counts over all 145 coded units
