participant_id,stance_text,stance_suggested,coder_1_stance,coder_2_stance,stance_agreed,barrier_text,barriers_suggested,coder_1_themes,coder_2_themes,barriers_agreed,note
P001,الاعتمادية,dependency,,,,عدم دقة الاجابة || تذبذب المعلومات,T1,,,,
P002,يؤدي إلى الاعتمادية,dependency,,,,الدقة || شح المصادر والمراجع,"T1,T4",,,,
P003,يؤدي إلى الاعتمادية,dependency,,,,محايد || لا شيء,T9,,,,
P004,إذا زاد استخدامه عن حده فيؤدي للاعتمادية,conditional,,,,عدم توفر مصادر موثوقة || عدم الفهم السريع،و قلة الدقة في المعاني,"T1,T4",,,,
P005,يهدم الابتكار والفردية,,,,,لا يمكن الاعتماد عليه في الدراسة، يمكن استخدامه فقط للبحث عن معلومات سطحية، ولا يصلح لشيء أعمق من ذلك || لا يستطيع الذكاء الاصطناعي التعامل مع اللغة العربية الا في ابسط الحالات,"T1,T2",,,,no suggestion available - please code from the text
P006,يعزز الابتكار الفردي,innovation,,,,صعوبة فهمه للغة || لا يفهم قواعد اللغة العربية كثيرًا,T2,,,,
P007,في بعض الأحيان,uncodable,,,,المعلومات الخاطئة || تحليله للأبيات بصورة خاطئه او اعطائي أشياء من تأليفه,"T1,T3",,,,
P008,!,uncodable,,,,لا يفهم كثيرا ف اللغة || !,T1,,,,
P009,كلاهما,conditional,,,,التدقيق اللغوي والاملائي || دقة المراجع,"T1,T4",,,,
P010,يعزز الابتكار و الفردية,innovation,,,,الدكاترةلا يعجبهم ذلك || الخطأ في تحديد نسبة البيت للشاعر,"T3,T7",,,,
P011,يعزز الابتكار,innovation,,,,لا يوجد || عدم وجود تطبيقات تدعم اللغه العربية,T6,,,,
P012,ممكن الاثنين,conditional,,,,لا يفهم النحو || لا يعرف كما قلت سابقا في قواعد النحو,T2,,,,
P013,ارى تنه يعزز الابتكار إلى جانب انه يمكن ان يكون داعم لطالب من جوانب مختلفه,innovation,,,,ضعف الدقه العلميه || ..,T1,,,,
P014,الآثنين معاً,conditional,,,,قلة المعرفه به و المعلومات المغلوطه || التحليل الغير دقيق مثلا,T1,,,,
P015,محايد ، بعض الناس يعتمدون عليه بشكل مفرط بينما آخرون يعتمدون عليه كوسيلة للإبداع والابتكار,conditional,,,,عدم استجابة الذكاء الاصطناعي في كل نقطة الإجابات الخاطئة معلومات مغلوطة بدون توثيق || يحلل بشكل خاطئ ، لا يجيد الاعراب ويخطأ كثيرًا فيه,"T1,T2,T4",,,,
P016,على حسب طريقة استخدامه,conditional,,,,عدم دقة نتائج الذكاء الاصطناعي في الادب العربي || عدم دقة البيانات وعدم صحة التحليلات صعوبة العمل على ملفات كبيرة,T1,,,,
P017,يعزز الابتكار والفردية,innovation,,,,تعليق البرنامج المستخدم وتكراره للذي يقول || عدم فهم قواعد اللغة بشكل جيد خاصة لو خدعته بأكثر من قاعدة بسؤال,T2,,,,
P018,يعزّز الابتكار إذا استُخدم بوعي، وقد يسبب الاعتمادية إذا أُسيء استخدامه,conditional,,,,عدم دقة بعض النتائج، وصعوبة التحقق من المصادر || أحيانًا يعطي معلومات غير دقيقة أو عامة، مما يسبب التباسًا في الفهم,"T1,T4",,,,
P019,يعتمد على طريقة الاستخدام,conditional,,,,عدم دقة المعلومات اللتي يقدمها و ضعف الفهم للسياق احيانا || لا توجد,T1,,,,
P020,ارى أنه يعزز الإبتكار,innovation,,,,لا يمكن الاعتماد عليه لأنه يعطي إجابات غير دقيقة || عندما ارغب ان يشرح لي سؤال في النحو يجمع بين قاعدتين لا يستطيع حله بشكل صحيح,"T1,T2",,,,
P021,قد يؤدي إلى الاعتمادية إذا أُسيء استخدامه، لكنه في المقابل يعزز الابتكار إذا استُخدم كأداة مساعدة تدعم الفهم وتوليد الأفكار، لذلك تأثيره يتوقف على طريقة استخدامه.,conditional,,,,عدم دقة بعض المعلومات مما يجعلني بحاجة إلى التحقق منها من مصادر موثوقة كذلك أحيانا قد يقدم الذكاء الاصطناعي إجابات عامة أو غير تفصيلية بالشكل الذي يناسب المستوى الأكاديمي المطلوب. || عدم دقة الإجابات.,T1,,,,
P022,هذا يعتمد على استخدام الشخص، فمنهم من يتخذه مساعدًا ومرشدًا ولا يصدّق في كلّ شيء يطرحه، بل يتأكد ويبحث. ومنهم من يعتمد عليه اعتمادًا كليًا. وفي الحالة الأولى يعزز الابتكار لما يطرحه من خيوط أفكار دقيقة قد يطورها العقل البشري المتلقي لها، وفي الحالة الثانية تكمن الاعتمادية.,conditional,,,,عدم دقة المصادر التي يعتمد عليها، فهو كثيرًا ما يحيل إلى كتب لغير مؤلفيها، وأحيانًا يأتي بالمعلومة ويوثقها من مرجع لا علاقة له بها أصلًا. كما أنّ لغته لا تعد لغة رصينة، بيْد أنّنا لا نستطيع الحكم عليها بالخطأ. || ينسب الذكاء الاصطناعي أبيات الشعر لغير قائلها، بل ويخترع لشاعر ما أبيات لم يقلها. ليس دقيقا في التفريق بين الصيغ الصرفية. يخطأ كثيرًا في الإعراب,"T1,T2,T3,T4",,,,
P023,قد يؤدي إلى الاثنين معا حسب استخدام الشخص وخبرته وقدرته على نقد المحتوى وكتابة أوامر قوية وقدرته على التحقق من صدق الإجابة والمراجع التي استشهد بها,conditional,,,,قلة الخبرة والقدرة على نقد المحتوى المقدم من برامج الذكاء الاصطناعي التوليدية || ضعف القدرة على نقد المحتوى المقدم، كذلك دقة الإجابات المقدمة لأن معظمها تتعامل مع اللغة الإنجليزية,"T1,T5,T6",,,,
P024,قد يؤدي إلى الاعتمادية في حال عدم التدقيق خلفه وعدم التأكد، ولكن قد يعزز روح النقد لديك في حال تتبعت المعلومة وتأكدت من صحتها خلفه.,conditional,,,,دقة المعلومات، وموثوقيتها || بعض المعلومات التي يأتي بها خاطئة، أو لادخل لها بالموضوع الذي أبحث عنه.,T1,,,,
P025,كلاهما,conditional,,,,عدم الدقة في المعلومات-كثرة الأخطاء || معلومة خاطئة,T1,,,,
P026,على حسب استخدام الفرد. غالبًا يؤدي إلى الاعتمادية خاصة إذا بالغ الشخص في استخدامه، لكن لو استخدمه بصورة مناسبة وبطريقة ذكية يستطيع الاستفادة منه لكسب الخبرات وتحسين الابتكار والإبداع.,conditional,,,,١. غالبًا الذكاء الاصطناعي غير دقيق في اللغة العربية ويقدّم أحيانًا معلومات خاطئة. ٢. رفض الدكاترة قيام الطلبة باستخدام الذكاء الاصطناعي حتى لو على سبيل المساعدة وتقديم أفكار مثلًا. || ١. لا يدعم اللغة العربية في توليد الصور، غالبًا يكتب الحروف والكلمات بصورة غير واضحة أو عشوائية. ٢. لا يمكن الاستفادة منه في النحو بصورة كبيرة.,"T1,T2,T6,T7",,,,
P027,يؤدي إلى الاعتمادية بشكل أكبر .,dependency,,,,عدم دقة المعلومات والمصادر. || عدم دقة الشرح ومعلومات غير صحيحة .,"T1,T4",,,,
P028,قد يعزز الابتكار والفردية إذا تم استخدامه بطريقة صحيحة ، لأنه يساعد على تطوير الأفكار ولكن الاعتماد الكلي عليه قد يضعف الإبداع الشخصي.,conditional,,,,عدم دقة بعض المعلومات أحيانًا، وصعوبة التأكد من موثوقية المصادر بسبب انه قد يقدم مصادر غير موجودة من الأساس. || التجارب السلبية التي واجهتها أن بعض الإجابات كانت غير دقيقة أو تحتوي على معلومات غير موثوقة، مما اضطرني إلى مراجعة المصادر والتأكد من صحة المعلومات قبل الاعتماد عليها ، ايضاً ان الذكاء الاصطناعي لا يدعم العربية كثيرًا على عكس اللغة الإنجليزية.,"T1,T4,T6",,,,
P029,قد يعزز الابتكار والفرديه على المدى الطويل,innovation,,,,عدم وجود اداه تجلب معلومات دقيقه عن اللغه العربيه || توليد اعرابات خاطئه وغير منطقيه اصلا,"T1,T2",,,,
P030,يعزز الإبتكار,innovation,,,,. || .,,,,,
P031,أرى أنه يعتمد على الشخص، بالنسبة لي لا أعتمد عليه اعتمادا كليا إنما يساعدني في الابتكار خاصة في العروض التقديمية,conditional,,,,الإجابات غير الدقيقة || عندما أطلب منه أن يلخص لي قصة أو موضوع أحياناً تلخيصه يكون مخل بالمعنى بالإضافة إلى الإجابات غير الدقيقة أحيانا,T1,,,,
P032,الابتكار,innovation,,,,لا يتعرف على قواعد العربية || لا يتعمق في الاجابة,"T1,T2",,,,
P033,الإثنان معًا، يجب أن يكون الاستخدام واعٍ,conditional,,,,عدم الدقة || لا يجيد كل الجوانب في اللغة، ربما يستطيع الإعراب بشكل جيد.,"T1,T2",,,,
P034,هذا الأمر نسبي و يعتمد على عقلية من يستخدمه,conditional,,,,أنه لا يفقه اللغة العربية بالشكل الذي أتطلع له || طلبت منه مساعدتي في حل واجب منزلي و لم أحصل في هذا الواجب على درجة كاملة مثلما توقعت (اعتمدت على الذكاء الاصطناعي بنسبة ٩٨% تقريبا) و هذا عزز نبوءة دكتور المقرر أن الذكاء الاصطناعي لن يفيدنا في حل ذلك الواجب، و قد كنت أحاول إثبات العكس...,"T1,T2",,,,
P035,حسب نوع الاستخدام الفردي اذا كان نسخاً شاملاً فهو يؤدي إلى الاعتمادية وتقليل الابتكار والفردية.,conditional,,,,عدم المقدرة على كتابة أوامر prompts لجعل النتائج دقيقة في الأدب واللغة العربية أكثر دقة || عدم دقة البيانات والمعلومات,"T1,T5",,,,
P036,يعتمد على استخدام الفرد له,conditional,,,,منحي إجابات خاطئة وغير دقيقة ، بعض الإجابات تأتي من مصادر غير. موثوقة ، طول مدة توليد الصور والمقاطع || يمنحني إجابات من وحي خياله لا أساس لها من الصحة و أيضا تأخره في منح الإجابات,"T1,T8",,,,
P037,الاعتمادية,dependency,,,,الذكاء الاصطناعي يجيب بطريقة خاطئة وعند تحليل الجداول والاحصائيات يحذف بعض النقاط كأن مسح الصورة لم يتم بطريقة صحيحة فتصبح المعلومات ناقصة، وكذلك يكتب بعض الأحيان معلومات زائدة من عنده، لذلك تحتاج اجاباته إلى تأكد شخصي من مدى صحتها. || أثناء المذاكرة لم أفهم نقطة معينة ثم سألته عنها وبدت لي الاجابة غير مُقنعة وشعرت بالإحباط.,T1,,,,
P038,يعزز,innovation,,,,كيفية صياغة المحتوى || لا يوجد,T9,,,,
P039,برأيي يعزز الابتكار والفردية، ولكن هذا يعتمد بشكل كبير على المستخدم. لكن ما يطرحه الذكاء الإصطناعي يحتاج إلى أن يصبح أكثر توافقا مع ما أريد، وفي بعض الأحيان قد لا يكون مبتكرا بالقدر المتوقع، فيتحتم عليَّ تطوير وتغيير ما طرحه.,conditional,,,,عدم فهم المطلوب منه بشكل جيد، والاختصار في المعلومات، وعدم دقة المعلومات، والضعف الكبير في جانب تحليل اللغة العربية من جوانب مختلفة كالإملاء والإعراب. || استخدمت chat gpt في التحقق الإملائي من كلمة لأرى مدى إمكانيتة ودقته في تطبيق القواعد الإملائية بعد أن قدمت له قواعد كتابة الهمزة المتوسطة، فأخطأ أخطاء فادحة بكتابة الكلمات التي قدمتها له.,"T1,T2",,,,
P040,-,uncodable,,,,- || -,,,,,
P041,هو سلاح ذو حدين,conditional,,,,في الواقع لا أعتمد على الذكاء الاصطناعي كونه غير دقيق لذا أتجنبه. || تجربة الطلبة الذين أدرسهم,T1,,,,
P042,يؤدي إلى الاعتمادية,dependency,,,,الحصول على إجابات دقيقة || كثيرا ما يؤلف من عنده خاصة الشواهد,"T1,T3",,,,
P043,على حسب المستخدم نفسه هل يعتمد عليه في إنجاز أعماله أم يستخدمه لمراجعة أب٩اثه مثلا و تطوير أفكاره,conditional,,,,لا يجيب بدرجة عالية من الدقة و هو غير مفيد في مواد اللغة العربية عكس المواد التربوية || لا يجيد الاعراب و لا التحليل و هو فاشل في النحو ولكن لا بأس به في الصرف,"T1,T2",,,,
P044,يؤدي إلى الاعتمادية بشكل اكبر.,dependency,,,,عدم دقة المعلومات || عدم دقة المعلومات و التحليل .,T1,,,,
P045,إذا زاد استخدامه عن حده يصبح اعتمادية,conditional,,,,عدم توفرها مجانيًا بصورة محترفة، قلة الخبرة في التقنيات الحديثة || عدم دقة المعاني,"T1,T5,T8",,,,
P046,الاعتمادية,dependency,,,,"الدقة في التحليل اللغوي العميق: رغم تطور النماذج، إلا أنها قد تخفق أحياناً في ضبط ""أواخر الكلم"" أو إعراب الجمل المعقدة التي تعتمد على السياق البعيد أو التقدير (كالمحذوفات والتقديم والتأخير)، مما قد يؤدي لنتائج غير دقيقة في التخصصات اللغوية الدقيقة. || من أبرز التجارب السلبية هي ""الهلوسة اللغوية في الإعراب""؛ حيث طلبتُ من الذكاء الاصطناعي إعراب بيت شعري يتضمن ""تقديمًا وتأخيرًا"" معقدًا، فقام بإعراب الكلمات بشكل منفرد وصحيح ظاهريًا، لكنه أخطأ تمامًا في ربط المعنى، فجعل ""الفاعل"" ""مفعولًا به"" لمجرد أنه تقدم عليه في الترتيب. هذه التجربة كانت مربكة لأن الإجابة صيغت بثقة تامة، مما قد يضلل الطالب الذي لا يملك خلفية قوية، وأثبتت لي أن الذكاء الاصطناعي أحيانًا يفتقر إلى ""الذوق السياقي""","T1,T2",,,,
P047,يعتمد على استخدام الفرد وتفكيره اتجاه الذكاء الاصطناعي وإنني أرى أن الذكاء الاصطناعي يدعم الفرد للابتكار ويقوم بتنوير بصيرته في حالة استخدامه الصحيح للذكاء الاصطناعي.,conditional,,,,عدم استيعابه لبعض القضايا النحوية والصرفية. || فاشل بشكل كبير في النواحي النحوية والصرفية، ولا أجد له أدنى فائدة في هذين الجانبين.,T2,,,,
P048,الاعتمادية 💯,dependency,,,,الحصول على الإجابات الدقيقة وخصوصا في الجانب الأدبي || في مقرر أدب عمان بحكم أن القصائد أدباء عمان نادرا ما تجد لها تحليلا؛ فكان حتى الذكاء الاصطناعي لا يعطيني إجابات دقيقة للتحليل.,T1,,,,
P049,يعزز الابتكار,innovation,,,,عدم وجود مصادر موثوقة للمعلومة+ ضعف اللغة العربية بالنسبة للذكاء الاصطناعي || عدم معرفته بقواعد النحو بنسبة ١٠٠٪؜,"T2,T4",,,,
P050,الاثنين معّا ويعتمد ذلك على استخدام الطالب نفسه,conditional,,,,لا يعطيني معلومات دقيقة || في النحو ، دائمّا ما يخطئ في فهم القواعد وشرحها,"T1,T2",,,,
P051,هذا وهذا,uncodable,,,,- || يهرف بما لا يعرف في النحو والاشتقاق,"T1,T2",,,,
P052,على حسب طريقة إستخدامه فإذا كان لتحيل نصوص خارجية لفهم معمق لها فذلك يعزز الابتكار أما إذا كان للإنتهاء من الأعمال بشكل أسرع فذلك مؤدي إلى الأعتمادية,conditional,,,,معرفة مدى دقة المعلومة المقدمة من التطبيق || التحليل الخطئ لبعض الأبيات في مجال البلاغة,"T1,T2",,,,
P053,"هو ""سلاح ذو حدين""؛ فقد يؤدي للاعتمادية إذا اكتفى الطالب بالمخرجات الجاهزة، لكنه يعزز الابتكار إذا استُخدم كـ ""مساعد بحثي"" لتوليد أفكار أولية، أو للمقارنة بين النصوص، أو لتنظيم البيانات الضخمة، مما يفرغ ذهن الباحث للتحليل الإبداعي العميق.",conditional,,,,"أبرز التحديات هي ""عدم الدقة في ضبط النصوص وتشكيلها"" بشكل صحيح تماماً، بالإضافة إلى ضعف قدرة بعض الأدوات على فهم ""المجاز والكناية"" وخصوصية الأدب العربي القديم، مما قد يؤدي إلى تفسيرات سطحية أو خاطئة أحياناً. || واجهتُ تجربة قام فيها الذكاء الاصطناعي بـ ""اختلاق"" أبيات شعرية ونسبها لشاعر جاهلي، أو خلطه بين قواعد النحو لمدرسة البصرة والكوفة في مسألة خلافية واحدة، مما جعلني أدرك أهمية التحقق من المصادر وعدم التسليم المطلق بصحة النتائج.","T1,T2,T3",,,,
P054,يعزز الابتكار,innovation,,,,التقانة || لايوجد,T9,,,,
P055,بعزز الابتكار,innovation,,,,عدم استيعابه للغة العربية وقواعدها || عدم وجود مصادر دقيقة تثبت المعلومة,"T2,T4",,,,
P056,في الحقيقة ارى انه الاعتمادية أشتقت التفكير بمفردي,dependency,,,,عدم الدقه كونه ضعيف في العربية || الاجابات الخاطئة لشات جي بي تي,"T1,T2",,,,
P057,لا اعلم حسب,uncodable,,,,عدم الدقة في المعلومات، تحديد بالضبط ما اريد من الذكاء الصناعي || دايما اواجة سلبية,"T1,T5",,,,
P058,الاثنين,uncodable,,,,دقة المعلومات || عدم دقة المعلومات,T1,,,,
P059,الاعتمادية وبشدة,dependency,,,,أحيانا يكون غبيا لا يفهم || يحلل على راسه ويقلب المعاني فوق تحت,T1,,,,
P060,يعزز الإبتكار و تفكير نقدي,innovation,,,,معلوماته عام و لم يتعمق في اللغة العربية بشكل كبير و نقص كبير في تحليل النصوص || ضعيفه في شرح النصوص الأدبية,"T1,T2",,,,
P061,بالاستخدام الصحيح قد يعزز الابتكار، لكن إذا استُخدم بشكل اتكّالي فإنه قاتل للابداع.,conditional,,,,الموثوقية والأمانة العلمية. || طلبت من إحدى المنصات اختيار قصيدة من الديوان المطبوع عندي وقام بإنشاء قصيدة فقط لكي يجاوب على السؤال.,T3,,,,
P062,هو وسط بين هذ وذاك ويرجع في الأخير إلى كيفية استعمال الشخص له والغرض والهدف منه فقد يؤدي إلى الاعتمادية بشكل كبير إذا استعمله الشخص وقام بنسخ المعلومات ونسقها دون قراءتها ومعالجتها وخصوصا في آداء البحوث وقد يستخدمه الشخص في تلقي الأفكار فقط بينهما يقول بمعالجتها وتحليلها بنفسه فقد يدفعه ذلك للابتكار والاعتماد على النفس,conditional,,,,المعلومات غير دقيقة في بعض الأحيان ، ولا يتناول التحليل العميق || في تحليل النصوص وفهم المعنى العام من البيت فيساعد على تحليله وفهمه بلاغيا,T1,,,,
P063,يعزز الابتكار وفي بعض الاستخدامات الخاطئة يؤدي إلى الاعتمادية,conditional,,,,من أبرز التحديات صعوبة التأكد من دقة بعض المعلومات أحيانًا، خاصة في التحليل الأدبي أو الشروح اللغوية، إضافة إلى أن بعض الأدوات تقدّم إجابات عامة لا تراعي مستوى الطالب أو متطلبات المقرر. كما قد يكون من الصعب الحصول على مصادر موثوقة واضحة، أو استخدام التطبيقات بطريقة تساعد على الفهم الحقيقي بدل الاعتماد الكامل عليها. || من التجارب السلبية التي واجهتها أن بعض أدوات الذكاء الاصطناعي كانت تقدّم أحيانًا تحليلات أدبية أو إعرابية غير دقيقة، مما سبّب لي التباسًا أثناء الدراسة,"T1,T2,T4",,,,
P064,لا,uncodable,,,,صعوبتها || خطا في المعلومات,T1,,,,
P065,الاعتمادية,dependency,,,,لاتوجد || تحليل الشعر بشكل غير صحيح,T1,,,,
P066,يعزز من الإبتكار لأن الطالب يعتمد على نفسه في إستخراج المعلومات وقد تترسخ في باله عندما يبحثها بنفسه ويمكن الرجوع إلى المعلومة في أي وقت وحين,innovation,,,,لا توجد تحديات فعلية يمكن إعتبارها تحديات خفيفة وطفيفة || ربما عندما يحل بشكل خاطئ في أسئلة سهلة,T1,,,,
P067,الاثنان معا,conditional,,,,لا يلم بمعظم علوم اللغة العربية || لا يلم بعلوم النحو والصرف والبلاغة والعروض,T2,,,,
P068,محايد,uncodable,,,,عدم دقة المعلومات || مراجع وهمية وابيات شعر مبتكرة,"T1,T3,T4",,,,
P069,يعزز الابتكار اذا حسن استخدامه,conditional,,,,ضعف فهم الذكاء الاصطناعي للغة العربية || -,T1,,,,
P070,يعزز الابتكار,innovation,,,,المعرفة || كتابة الشعر,T9,,,,
P071,بالطبع الاعتمادية,dependency,,,,لا اعلم؛ لا استخدمه لكن ممكن أن يكون دقة المعلومات || حقيقةً، لا يوجد تجربة كاملة لكن في البداية كنت استخدمه لشرح بعض النقاط وهذا أدى إلى أن حين أواجه نص أواجه صعوبة في تحليله.,"T1,T9",,,,
P072,يعزز الابتكاريع,innovation,,,,وايد تحديات || ما يعرف يعرب,T2,,,,
P073,"يعزز الابتكار إذا استُخدم كأداة ""مساعدة"" للبحث والتحليل، لكنه قد يؤدي للاعتمادية إذا استُخدم كبديل كلي عن التفكير النقدي والجهد الشخصي.",conditional,,,,"ضعف الدقة في التعامل مع القواعد النحوية المعقدة، ومحدودية قدرة الأدوات الحالية على فهم السياقات البلاغية العميقة للنصوص التراثية. || الحصول على إجابات تحتوي على ""هلوسة لغوية""، مثل ابتكار قواعد نحوية غير صحيحة أو نسب أبيات شعرية لشعراء لم يكتبوها.","T1,T2,T3",,,,
P074,يعتمد على كيفية استخدامه في بعض الأحيان يكون استعمالك للذكاء الاصطناعية من الأساس يعتبر إبتكار وفردية,conditional,,,,صعوبة الحصول على المعلومات الدقيقة جدا وصعوبة تعقب الإجابة النموذجية منه || خروجه عن السياق بعد اكثر من محادثة حيث يظهر الى سياق اخر تماما لا يعلم مدى حدود المحادثة أو العلم الذي يملكه المستخدم حيث يتعمق في الكثير من الأحيان,T1,,,,
P075,إذا اعتمد الإنسان عليه بشكل كامل بدون تفكير فقد يضعف مهاراته العقلية وسيكون أقل القدرة على الإبداع الابتكار,conditional,,,,عدم دقه المعلومات التي يقدمها و كذلك عدم فهمه للقواعد العربيه || ‏عدم دقة المعلومات التاريخية التي يعطيها وكذلك يخلط بين القواعد العربية وخاصة الأساليب البلاغية,"T1,T2",,,,
P076,لا اعلم,uncodable,,,,عدم الدقة || لا يوجد,T1,,,,
P077,يعزز الابتكار,innovation,,,,الإجابات غير دقيقة || لا توجد,T1,,,,
P078,كلاهما ، الأمر معتمد على طريقة الاستخدام.,conditional,,,,عدم الدقة + معلومات خاطئة || ١- معاني خاطئة ٢- شرح الأبيات بشكل خاطئ ٣- إعراب الجمل بشكل خاطئ ٤- عدم استجابته عند طلب مصادر عربية لموضوع ما,"T1,T2,T4",,,,
P079,على حسب الفرد، يمكن أن يتشاركا العلمية الإبداعية، فالآلة والذكاء الاصطناعي وحده لا يجلبُ إبداعًا، إنما هو يحلل ويخطط ويقترح أسرعن لكن الجانب الإبداعي والتفكيري يكون عنج الإنسان، وإذا استخدمه الإنسان بطريقة صحيحة يمكن أن يصل لدرجة كبيرة من الإتقان والإبتكار والإبداع.,conditional,,,,صعوبة فهمه للعربية، ويجب إدخال معلومات صحيحة له، لأنه قد يأتي بعلمٍ وحده، أو يفسّر شيئًا خاطئًا بطريقة تجعلك تقتنع به، وكذلك محدودية الوصول المجاني || لا يستطيع تحليل الأبيات الشعرية، عندما لم أجد شرحًا لا في الكتب ولا في الشبكة المعلوماتية، استنعت بالذكاء، لكنه لا يحلل بشكل صحيح,"T1,T2,T8",,,,
P080,سلاح ذو حدين,conditional,,,,عدم دقة المعلومات أحيانا || يعطيني أبيات من تأليفه,"T1,T3",,,,
P081,يعزز الابتكار والفردية,innovation,,,,معلومات غير دقيقة ومعظمها خاطئة || أبيات شعرية غير موجودة,"T1,T3",,,,
P082,يعتمد على الطالب.,conditional,,,,صعوبة فهمه للفكرة التي أريد إيصالها له || .,T5,,,,
P083,يعزز الابتكار والفردية,innovation,,,,محدودية استخدام الصور فيها || لا يوجذد,T9,,,,
P084,يختلف ذلك بين طالب وآخر هناك من يتّكل عليهِ في صغيرهِ وكبيرهِ وهناك من يجعله أداةً للإبداع واكتساب المهارات,conditional,,,,لا يقول (لا أعلم)، وإن كانت إجابته خاطئة، ولكن غالبًا لدي علمٌ كافٍ لتمييز ما إن كانت إجابته صحيحةً أم خاطئة || عدم إلمامه بالمعلومات الأدبية واللغوية كلّها,T1,,,,
P085,الإعتمادية,dependency,,,,عدم دقة المعلومات || -,T1,,,,
P086,يعزز الابتكار والفردية,innovation,,,,عدم مناسبته أحيانا لموضوعات دراستنا حيث يوجد أخطاء كثيرة في استجابته. || عدم إلمامه بالظواهر اللغوية أحيانا؛ فيكرر الكلام دون الوصول إلى نتيجة.,"T1,T2",,,,
P087,أرى أنه يعتمد على كيفية الإستخدام,conditional,,,,دقة الإجابات و ندرة المراجع الموثوقة التي يعتمد عليها الذكاء الاصطناعي في الإجابة || عندما طلبت من الذكاء الاصطناعي ان يحل لي سؤال نحوي يجمع بين أكثر من قاعدة لم يستطع حله بالشكل الصحيح,"T1,T2,T4",,,,
P088,الاعتمادية طبعا,dependency,,,,لا أستطيع معرفة صحة الإجابة من خطئها || -,T5,,,,
P089,الاعتمادية,dependency,,,,الاعتماد عليه أحيانا مثلا في تحليل نص أدبي يحد من قدرتك على التفكير ويقيدك بما هو موجود أمامك من شرح أو إيضاح أو تحليل || عدم الدقة فيه خاصة في الإعراب والبلاغة,"T1,T2",,,,
P090,يعزز الابتكار,innovation,,,,أحيانًا يعطي معلومات غير دقيقة أو غير موثوقة || يقدّم شرحًا أو إعرابًا غير دقيق لبعض النصوص العربية، خاصة في القواعد والبلاغة، مما سبب لي فهمًا خاطئًا,"T1,T2",,,,
P091,يعزز الابتكارية والفردية في ضوء المسموح...,innovation,,,,عدم توافق الذكاء الاصطناعي مع مدخلاتي، وإعطاء نتيجة بعيدة من المطلوب. || إنشاء بيوت شعرية غير موجودة قام الذكاء بتوليدها من عقله.,"T1,T3",,,,
P092,يعزز الابتكار,innovation,,,,. || الخلط بي القواعد النحوية والبلاغية والصرفية,T2,,,,
P093,الاثنان معًا يعتمد على الفرد نفسه,conditional,,,,عدم دقة معلومات الذكاء الاصطناعي || المعلومات المغلوطة,T1,,,,
P094,أرى أنّه يعود لمستخدم الذكاء الاصطناعيّ، فإذا كان معتمدا تماما على هذه البرامج دون تنقيح ما يحصل عليه من معلومات، وإشغال فكره في التأكد من صحتها فإن ذلك يؤدي إلى الاعتماديّة، أمّا إذا كانت برامج الذكاء تُستعمل لمساعدة المستخدم على أداء عمله، أو وضع تصورات يمكن الانطلاق منها، وما إلى ذلك فإنها تعزز الابتكار.,conditional,,,,دقة المعلومات، إعطاء مراجع وهميّة أحيانا، غالبية برامج الذكاء تدعم البحث باللغة الإنجليزيّة. || في شرح أمثلة نظريات لسانيّة وردت في كتاب مترجم قديم، لم يقدم شرحا دقيقا للأمثلة.,"T1,T4,T6",,,,
P095,من وجهة نظري أرى بأنه يؤدِّي إلى الاعتمادية,dependency,,,,لا توجد تحديات كل شيء أصبح سهلا مع وجود الذكاء الاصطناعي || أحيانا تظهر إعرابات خاطئة,T2,,,,
P096,قد يؤدي إلى الاعتمادية عند استخدامه بشكل مبالغ، ولكنه أحيانًا يعزز من الابتكار عندما يبدأ بإعطائك أفكار إضافية على فكرتك الأساسية مما يعزز من قوتها.,conditional,,,,الحصول على معلومات غير موثوقة. || شرح سطحي للأبيات الشعرية، وكذلك بالنسبة للبلاغة، كما أنه يخلط كثيرًا بين قواعد النحو والصرف.,"T1,T2",,,,
P097,يعزز الابتكار بس محد عاطي هالشي اهتمام,innovation,,,,ما يحل صح || مرات المعلومات تكون خطأ,T1,,,,
P098,احايد هذا الرأي لأنه له الدورين حقيقةً,uncodable,,,,عدم صحة المعلومات ١٠٠٪؜ || اختلاف الاراء,T1,,,,
P099,يعزز,innovation,,,,لا تستطيع إفادتي في البلاغة || لم أواجه حقيقة,T2,,,,
P100,يعزز الاعتماديه,dependency,,,,لا أستعمل الذكاء الاصطناعي كثيرا || لا يعطيك الإجابه الدقيقه أو المعلومه الدقيقه التي تريدها,T1,,,,
P101,الاعتماد,dependency,,,,الاخطاء الجسيمة فيه || بعض الاخطاء الاعرابية,"T1,T2",,,,
P102,الاعتمادية,dependency,,,,غير دقيقة || في البلاغة,"T1,T2",,,,
P103,قد يؤدي الى الاعتمادية احيانا,dependency,,,,الاجابات الغير دقيقة || عند اعراب حروف المعاني دائما يخطئ,"T1,T2",,,,
P104,يؤدي إلى الاعتماديه,dependency,,,,لا توجد تحديات || عدم الدقة في المعلومات التي تقدمها هذه البرامج,T1,,,,
P105,الاعتماديه قليلا على حسب الاستخدام,conditional,,,,الدقه في المحتوى || الدقه بسيطه و غير دقيقه مثل التطبيقات الأخرى,T1,,,,
P106,يعتمد على الشخص نفسه,conditional,,,,لا أستخدمه كثيرا لذا لا أواجه مشكلة || أنني أتكلم وأثق في الذكاء أكثر من عقلي وهذا ما يفسد العقل,T9,,,,
P107,لا,uncodable,,,,اجابات غير دقيقة || ما اذكر الحين,T1,,,,
P108,هو سلاح ذو حديين لا يمكن إجبار الطلاب على استخدامه بشكل معين ، ولكن اذا استخدم بطريقة تولد الأفكار وتلخص الكميات الكبيرة سيكون ذو فائدة,conditional,,,,دقة المحتوى \ صعف الصياغة \ الاقتاباسات حيث يصعب التحقق من الأبيات الشعرية و الأقوال التي يكتبها || مصادره ضعيفه واعتماده على مصادر قوية جدا محدود,"T1,T2,T4",,,,
P109,يعزز الابتكار إن لم يعتمد عليه,conditional,,,,جهل الذكاء الاصطناعي باللغة العربية || ذكر أسماء كتب ومراجع لا توجد في العربية,"T2,T4",,,,
P110,-,uncodable,,,,- || -,,,,,
P111,كلاهما، حيث ربما يعتمد عليه الطلاب في استخراج الأفكار والعناوين والمصادر لكنه يعزز من تعزيز فكر الطالب وطريقته للبحث وأن ينظر للأأمور من زاوية أخرى دائمًا,conditional,,,,أنه يعطي أحيانًا معلومات غير دقيقة ويظن أنها صحيحة || عدم دقة المعلومات وأنه أبدًا لا يعترف بالخطأ أو قول لا اعرف الاجابة,T1,,,,
P112,الاعتمادية بالطبع,dependency,,,,لا استخدمه كثير لذلك لا أعرف التحديات || لا أعلم ، لم استخدمه,T9,,,,
P113,هذا يعتمد على طريقة استخدام الطالب للذكاء الاصطناعي: هل يأخذ منه المادة العلمية جاهزة،؟أم يأخذ منه بعض الأفكار التي تساعده على البحث والتفكير بنفسه؟,conditional,,,,عدم دقة المعلومات || -,T1,,,,
P114,الأمرين معا,conditional,,,,لا يوجد || لا يوجد,,,,,
P115,يعزز الابتكار والفردية.,innovation,,,,يقدم الذكاء الاصطناعي معلومات غير دقيقة أغلب الأحيان || عندما طلبت من أداة تحليل البيت عروضيًا ،لم تستطع أي أداة فعل ذلك.,"T1,T2",,,,
P116,على حسب الشخص,conditional,,,,عدم التيقن من اجابه الذكاء الاصطناعي فتارة يصيب وتارة يخطئ || اردت البحث عن معلومه واعطاني معلومات خاطئة,T1,,,,
P117,الابتكار، لو ضبط استخدامه بما يعزز الإنتاجية والتفنن.,conditional,,,,الباقات المدفوعة، وتحدي التوكن ( الرصيد) المحدود. || عدم دقة الإجابة، خاصة في مجال النحو والإعراب. ضعيف جدا في هذا المجال، جيميناي أفضلهم فيه كونه مربوطا بجوجل.,"T1,T2,T8",,,,
P118,الاثنين معا,conditional,,,,يحتاج وقت حتى يفهم الذي تريده || المعلومات الخاطئة,"T1,T5",,,,
P119,الى الاعتمادية,dependency,,,,لا استخدمه لاني لا ازال ارى انه غير قادر على القيام بالمطلوب على وجه صحيح || لا يمكنه التفكير كطالب او ناقد ما زال يحتاج تطويرا,T1,,,,
P120,الابتكار,innovation,,,,بعض البرنامج يحب أن ندفع مقابل مادي لاستخدامها || بعض البرامج غير مدعومة باللغه العربية,"T6,T8",,,,
P121,يعتمد على المستخدم وطريقة استغلاله لهذه الأداة.,conditional,,,,قلة المعرفة بالبرامج المناسبة وتوظيفها . || لا توجد .,"T5,T9",,,,
P122,"هنا أقف محايدةً. ما أراه اليوم في محيطنا الجامعيّ من نقاشاتٍ، وأحاديثٍ، وغيرها…تُشير إلى أنَّ نسبةً كبيرةً من الطلبة يعتمدون اعتمادًا كليّا على الذكاء الاصطناعيّ في إكمال متطلباتهم الجامعيّة وهذا مؤسف جدًا وأمرٌ لا نَسعد به بتاتًا..قُتِل التفكير، قُتِل الإبداع، قُتِلت الأمانة العلميّة! ممّا يُؤلم حقًا، عندما نرى طلابًا من جامِعتنا المتميزة يقفون على خشبة التخرج ويقولون بكلِّ ثقةٍ وفخرٍ واعتزازٍ: ""تخرجنا نحن وشات""، ليس المُؤلم وجود الذكاء الاصطناعيّ بحد ذاته، ولا حتى استخدامه، إنّما الاعتماد الكليّ عليه حتى باتَ العقل في سُباتٍ عميق وفقد الطلاب مهاراتِهم الإبداعيّة. في المُقابل، إنّني لا أنكر أنَّ الذكاء الاصطناعيّ أداةٌ مساعدة لنا، وتعزز الابتكار بالتأكيد في حالة استخدامها بالطريقة الصحيحة وبالحدود المعقولة.",conditional,,,,تُربكني فكرة اللجوء للذكاء الاصطناعي بشكلٍ عام، حيث أصبح الخيار الأسهل للطالب يهرع إليه عند أبسط سؤال وهذا ما لا يجب على الطالب فعله، فمن المُؤسف أن أرى نفسي تلجأ إلى الذكاء الاصطناعي بعد ما كانت تُشغل عقلها بالتفكير والتحليل والنقد والآن لا تُتعب نفسها في ذلك حتى عند أبسط عرقلة! لربما التحدي البارز هو ذلك التحدي الذي عقدته بيني وبين نفسي في محاولة التقليل من استخدام الذكاء الاصطناعي أثناء الدراسة. وممّا لا شك فيه بأنَّ أدوات الذكاء الاصطناعي لا تُقدم لنا نحن طلاب اللغة العربيّة شيئًا، فقد برمجت بخوارزميّات ضعيفة جدًا. || ما أستطيع قوله بأنَّ الذكاء سيء في اللغة ولا يصلُح للاستعانة به في ذلك.,"T1,T2",,,,
P123,الابتكار، من خلال التعليمات المنشأة من قبل الآمر.,innovation,,,,عدم دقة المعلومات. || لا يجيد تحليل القصائد.,T1,,,,
P124,على حسب، ومن الجيد الموازنة في استخدامه.,conditional,,,,ما يفهم ما أقول || …,T1,,,,
P125,قد يساعد في وجود حلول لأسئله غير معروفه إجابتها بطريقه اسرع و اسهل فإنه يعزز الفردية,innovation,,,,عدم دقه المعلومات || استعنت بالذكاء الاصطناعي لإعراب بعض الكلمات و لكنه لم يعطني إجابه دقيقة,"T1,T2",,,,
P126,على حسب الموقف الذي يوظف فيه، ولكني قد يكون اعتمادي في كثير من الأحيان.,conditional,,,,موثوقية البيانات التي يعطيني إياها وعدم القدرة على الاعتماد عليها. من ناحية شخصية أحب جمع البيانات والحصول عليها بنفسي لتحقيق الفائدة الكبرى. || لم أجرب ذلك، لأنني لا اعتمد عليه في تحصيل مثل هذه العلوم.,T1,,,,
P127,كلا الجانبَيْن، وما يحكمه هو طريقة استخدام الفرد لأدوات الذكاء الاصطناعي.,conditional,,,,"عدم دقّة البيانات وموثوقيتها. || كنت أعدّ بحث عن المعاجم الجُغرافية، ومجال الدراسة هو ""مُعجم البُلدان"" لياقوت الحمويّ. وكانت الفكرة في الجانب العملي أن استقري البُلدان العُمانية التي أوردها الحموي في مُعجمه واستعنب بأدوات الذكاء الاصطناعي في ذلك، وبعد التحقّق من الجزء ورقم الصفة التي يُعطيني إياها؛ وجدت أنّه يُعطيني معلومات خاطئة.",T1,,,,
P128,يساعد في العصف الذهني في العمق في الأفكار، وتعميق الإشكالات.,innovation,,,,ندرة المعلومات في كيفية استعمال كل أداة. || لا توجد.,T9,,,,
P129,يعزز الابتكار والتفكير الفردي,innovation,,,,عدم استطاعته قراءة الكتب الالكترونية وتحديد رقم الصفحات || التجربة السلبية دائماً تكمن في الإعراب، وكذلك تحديد رقم الصفحات والإجابات المتكررة.,T2,,,,
P130,على حسب هدف المستخدم وطريقة استخدامه له، وهي نوعا ما لا تعزز الابتكار إذا لم تغذى بالمواد الجيدة,conditional,,,,التحدي الأخلاقي || تجربة شات جي بي تي أسوء تجربة ذكاء اصطناعي مرت علي خصوصا في عبثه في الاستشهادات الشعرية وعدم نسبتها الصحيحة لقائلها أو اختلاقها اختلاقا,T3,,,,
P131,يؤدي إلى الاعتمادية,dependency,,,,غباء الذكاء الاصطناعي في حل الأسئلة المعقدة في مواد القسم || خذلني في واجب النحو ، وأجاب إجابات خاطئة ولم أعتمد عليه,"T1,T2",,,,
P132,الاعتمادية,dependency,,,,عدم المعرفة التامة باللغة العربية، افتقاده للدقة في الإجابات و معرفة مكنون اللغة كذلك، أجد تطبيقات الذكاء الاصطناعي لا تستطيع خدمة طالب أو دارس العربية ما لم يكن التطبيق خاصا بها. || طلب مصادر قد تساعدني في كتابة موضوع بحثي، إذ أتى بمصادر بعيدة تماما عن الموضوع المذكور له.,"T1,T2,T4,T6",,,,
P133,على حسب استخدام الفرد,conditional,,,,عدم وجود أداة تخدم اللغة العربية بدقة || الإجابات غير دقيقة,"T1,T6",,,,
P134,نعم,uncodable,,,,الأخطاء || عدم التفكير والأعتماد عليها,"T1,T5",,,,
P135,كلاهما حسب الاستخدام,conditional,,,,لا يفهم المطلوب || تحليل الابيات بلاغيًأ، ك تشات,T2,,,,
P136,يعزز الابتكار,innovation,,,,قلة المحتوى اللغوي والأدبي في الذكاء الاصطناعي || عدم القدرة على الإعراب الصحيح,"T2,T6",,,,
P137,يعزز الابتكار,innovation,,,,عدم الدقة وعدم السرعة || عدم الدقة,T1,,,,
P138,يعتمد على استخدام الشخص,conditional,,,,عدم توفرها بالجودة العالية || لا يجيد اللغة العربية جيدا,"T2,T6",,,,
P139,الأثنين,uncodable,,,,المعلومات الخاطئة || لا أمتلك,T1,,,,
P140,الجانبان,conditional,,,,الأخطاء النحوية والصرفية || لا يوجد,T2,,,,
P141,يعتمد ذلك على طريقة الاستعمال؛ فهي تؤدي إلى الاتكاليّة إذا اُعتمد عليها في إصدار الأحكام، أو الخلوص إلى نتائج البحث مثلا. ولكن استخدامها بالطريقة الصحيحة لتوفير الوقت في المهام الطويلة أو فتح نوافذ معرفة جديدة يساعِد المستخدم.,conditional,,,,لا تستطيع برامج الذكاء الاصطناعيّ قراءة النصوص العربيّة -التّراثيّة والمعاصرة- لأنها غير مرقمنة. || كثيرًا ما تمدّني بمعلومات خاطئة عن المراجع العربيّة التراثيّة.,"T1,T4,T6",,,,
P142,بالنسبة لي يساعدني في التحليل والابتكار وسعة الأفق,innovation,,,,عدم دقة المعلومات، واختلاف الإجابة مع اختلاف صياغة السؤال وإن كانت الفكرة واحدة || عدم الدقة! والمصادر الموهومة!,"T1,T4,T5",,,,
P143,بين الاعتماد و الابتكار,conditional,,,,عدم الدقة || ز,T1,,,,
P144,الاعتمادية غالبا,dependency,,,,اختلاف الإجابات || تعدد الإجابات وعدم الدقة,T1,,,,
P145,يعزز الفردية والابتكار,innovation,,,,عدم إعطاء الطالب المعلومة الدقيقة والكافية لما يبحث عنه || عند البحث عن اعراب جملة ما فإنه يقوم بإعرابها بشكل خاطئ وغير دقيق,"T1,T2",,,,
