participant_id,stance,themes
P001,dependency,T1
P002,dependency,"T1,T4"
P003,dependency,T9
P004,conditional,"T1,T4,T5"
P005,dependency,"T1,T2"
P006,innovation,T2
P007,uncodable,"T1,T2,T3"
P008,uncodable,T2
P009,conditional,"T2,T4"
P010,innovation,"T3,T7"
P011,innovation,T6
P012,conditional,T2
P013,innovation,T1
P014,conditional,"T1,T5"
P015,conditional,"T1,T2,T4"
P016,conditional,"T1,T2,T8"
P017,innovation,"T2,T8"
P018,conditional,"T1,T4"
P019,conditional,"T1,T5"
P020,innovation,"T1,T2"
P021,conditional,T1
P022,conditional,"T2,T3,T4"
P023,conditional,"T1,T5,T6"
P024,conditional,T1
P025,conditional,T1
P026,conditional,"T1,T2,T6,T7"
P027,dependency,"T1,T4"
P028,conditional,"T1,T4,T6"
P029,innovation,"T1,T2"
P030,innovation,T9
P031,conditional,T1
P032,innovation,"T1,T2"
P033,conditional,"T1,T2"
P034,conditional,"T1,T2,T7"
P035,conditional,"T1,T2,T5"
P036,conditional,"T1,T8"
P037,dependency,T1
P038,innovation,T5
P039,conditional,"T1,T2,T5"
P040,uncodable,T9
P041,conditional,T1
P042,dependency,"T1,T4"
P043,conditional,"T1,T2"
P044,dependency,T1
P045,conditional,"T1,T5,T8"
P046,dependency,"T1,T2"
P047,conditional,T2
P048,dependency,"T1,T2"
P049,innovation,"T2,T4"
P050,conditional,"T1,T2"
P051,conditional,T2
P052,conditional,"T1,T2"
P053,conditional,"T1,T2,T3"
P054,innovation,T9
P055,innovation,"T2,T4"
P056,dependency,"T1,T2"
P057,uncodable,"T1,T5"
P058,conditional,T1
P059,dependency,"T1,T5"
P060,innovation,"T1,T2"
P061,conditional,"T1,T3"
P062,conditional,"T1,T2"
P063,conditional,"T1,T2,T4,T5"
P064,uncodable,"T1,T5"
P065,dependency,T2
P066,innovation,T1
P067,conditional,T2
P068,uncodable,"T1,T3,T4"
P069,conditional,T2
P070,innovation,"T1,T2"
P071,dependency,T1
P072,innovation,T2
P073,conditional,"T2,T3"
P074,conditional,T1
P075,conditional,"T1,T2"
P076,uncodable,T1
P077,innovation,T1
P078,conditional,"T1,T2,T4"
P079,conditional,"T1,T2,T8"
P080,conditional,"T1,T3"
P081,innovation,"T1,T3"
P082,conditional,T5
P083,innovation,T8
P084,conditional,"T1,T2"
P085,dependency,T1
P086,innovation,"T1,T2"
P087,conditional,"T1,T2,T4"
P088,dependency,T5
P089,dependency,"T1,T2"
P090,innovation,"T1,T2"
P091,innovation,"T1,T3"
P092,innovation,T2
P093,conditional,T1
P094,conditional,"T1,T4,T6"
P095,dependency,T2
P096,conditional,"T1,T2"
P097,innovation,T1
P098,conditional,T1
P099,innovation,T2
P100,dependency,T1
P101,dependency,"T1,T2"
P102,dependency,"T1,T2"
P103,dependency,"T1,T2"
P104,dependency,T1
P105,conditional,T1
P106,conditional,T9
P107,uncodable,T1
P108,conditional,"T1,T2,T3,T4"
P109,conditional,"T2,T4"
P110,uncodable,T9
P111,conditional,T1
P112,dependency,T9
P113,conditional,T1
P114,conditional,T9
P115,innovation,"T1,T2"
P116,conditional,T1
P117,conditional,"T1,T2,T8"
P118,conditional,"T1,T5"
P119,dependency,T1
P120,innovation,"T6,T8"
P121,conditional,T5
P122,conditional,T2
P123,conditional,"T1,T2"
P124,conditional,T5
P125,innovation,"T1,T2"
P126,conditional,T1
P127,conditional,"T1,T4"
P128,innovation,T5
P129,innovation,"T2,T4"
P130,conditional,T3
P131,dependency,"T1,T2"
P132,dependency,"T1,T2,T4,T6"
P133,conditional,"T1,T6"
P134,uncodable,T1
P135,conditional,"T2,T5"
P136,innovation,T2
P137,innovation,"T1,T8"
P138,conditional,"T1,T2"
P139,conditional,T1
P140,conditional,T2
P141,conditional,"T4,T6"
P142,innovation,"T1,T4,T5"
P143,conditional,T1
P144,dependency,T1
P145,innovation,"T1,T2"
