scope,item,item_text_ar,response_format,defect,severity,recommended_fix
instrument,—,اسم المستخدم (username field auto-captured),identifier,Directly identifying field captured for all 67 respondents (64 unique values) in a survey reported as anonymous,critical,"Disable respondent-identity collection in the form; if a link to course records is needed, use a random participant code issued offline"
instrument,2,القسم الأول: المعلومات الديموغرافية والأكاديمية,stray open text,"Section heading rendered as an answerable text box; 61% blank, remainder junk entries ('.', 'تم') and in one case a full name plus university ID",critical,Convert to non-interactive section description; delete the collected column before any sharing
instrument,5,القسم الثاني: الإلمام بأدوات الذكاء الاصطناعي واستخدامها,stray open text,"Section heading rendered as an answerable text box; 63% blank, remainder junk entries ('.', 'تم') and in one case a full name plus university ID",high,Convert to non-interactive section description; delete the collected column before any sharing
instrument,14,القسم الثالث: الفوائد المتوقعة للذكاء الاصطناعي في دراسات الأدب,stray open text,"Section heading rendered as an answerable text box; 58% blank, remainder junk entries ('.', 'تم') and in one case a full name plus university ID",high,Convert to non-interactive section description; delete the collected column before any sharing
instrument,32,القسم الرابع: التحديات والقيود,stray open text,"Section heading rendered as an answerable text box; 66% blank, remainder junk entries ('.', 'تم') and in one case a full name plus university ID",high,Convert to non-interactive section description; delete the collected column before any sharing
instrument,36,القسم الخامس: المخاوف الأخلاقية والعملية,stray open text,"Section heading rendered as an answerable text box; 70% blank, remainder junk entries ('.', 'تم') and in one case a full name plus university ID",high,Convert to non-interactive section description; delete the collected column before any sharing
instrument,54,سادساً: أسئلة مفتوحة,stray open text,"Section heading rendered as an answerable text box; 75% blank, remainder junk entries ('.', 'تم') and in one case a full name plus university ID",high,Convert to non-interactive section description; delete the collected column before any sharing
instrument,9 (twice),'9. ضع علامة…' and '9. ما مدى فائدة…',numbering,"Two distinct item blocks both numbered 9; the numbering also skips from 3 to 5, so there is no item 4",high,Renumber sequentially and cite items by unique ID in the manuscript and codebook
instrument,—,Likert blocks across sections,mixed,"Three incompatible response formats for the same underlying construct type: endpoint-labelled numeric (items 8, 9b, 12), Arabic word labels only (9a, poetry, rhetoric, challenges), and fully numeric 1-5 (item 11)",critical,Use one identical 1-5 format with all five points labelled in every block
instrument,—,Endpoint-labelled linear scales,coding trap,"Extreme options are stored as text ('1 = أرفض بشدة', '5 = أتفق بشدة') while middle options are stored as bare numbers; naive numeric coercion silently drops 1,516 of 2,201 Likert cells (69%) and, because only the extremes are lost, shifts item means by up to +0.48 points",critical,"Label all five points identically so every cell exports as text, then recode by explicit lookup; ship the lookup in the codebook"
instrument,—,Ethics block (items 12a-12b),2 items,"Two-item subscale (inter-item r = .50; alpha = .60 Arabic / .67 pooled), below the conventional .70 floor",high,"Expand to 4-5 concern items (academic integrity, data privacy, misattribution, over-reliance, assessment fairness)"
instrument,3 and 5,familiarity; frequency of use,single item,"Two constructs used as predictors are measured by one item each, so no reliability can be estimated and measurement error is unmodelled",medium,"Add 2-3 parallel items per construct, or state explicitly that they are single-indicator"
instrument,"2, 6, 7, 10",multi-select 'choose all that apply' items,multi-select,"Tools, purposes, assignment types and challenges are check-all items exported as concatenated strings (14-39 distinct combinations); percentages computed from them have no single natural denominator",high,Export one binary column per option and report both the per-respondent and per-mention denominator explicitly in every caption
instrument,—,no reverse-keyed items inside positively worded blocks,acquiescence,"Benefit, literary-skill, poetry and rhetoric blocks are uniformly positively keyed, leaving agreement bias uncontrolled",medium,Reverse-key roughly one third of the items in each block and recode before scoring
instrument,—,no attention or care check; no 'not applicable' option,quality control,"Nothing detects inattentive straightlining, and respondents with no experience of a task must still answer, pushing them to the midpoint",medium,Add one instructed-response check and an explicit 'not applicable / never tried this' option scored as missing
instrument,—,demographics,coverage,"Only gender and year of study (3 levels) are collected: no age, no prior AI-training item, no discipline track. The submitted manuscript reports '20% with prior AI training', which no item in this instrument measures",critical,"Add age, prior AI training (yes/no plus type), and track; drop any manuscript claim that no item supports"
instrument,challenges block item 2,محور التحديات (item 51),ceiling,"78% choose أوافق or أوافق بشدة and the lowest option is never used, so the item cannot discriminate",medium,Reword to a graded frequency stem or split into two more specific statements
instrument,open items 1-3,3 open-ended questions,qualitative design,"Only three open prompts, each answered by 61 of 67 respondents, and none asks for a concrete instance of a breakdown (wrong parse, invented verse, fake reference)",high,"Add prompts that request one specific example with the tool named and, where possible, the output pasted in; this is what converts self-report into auditable evidence"
