block,item,n_valid,naive_n,naive_mean,corrected_n,corrected_mean,lost,bias
benefits(8),15,67,47,3.3,67,3.33,20,0.03
benefits(8),16,67,51,3.22,67,3.22,16,0.01
benefits(8),17,67,49,3.06,67,2.99,18,-0.08
benefits(8),18,67,48,3.31,67,3.25,19,-0.06
benefits(8),19,67,42,3.4,67,3.64,25,0.24
benefits(8),20,66,51,3.2,66,3.3,15,0.11
literary_skills(9b),26,67,56,3.16,67,3.34,11,0.18
literary_skills(9b),27,66,48,3.29,66,3.7,18,0.41
literary_skills(9b),28,66,51,2.71,66,2.92,15,0.22
literary_skills(9b),29,66,51,2.92,66,2.85,15,-0.07
literary_skills(9b),30,67,56,2.89,67,2.82,11,-0.07
literary_skills(9b),31,66,42,3.33,66,3.82,24,0.48
agreement(9a),21,67,0,,67,3.43,67,
agreement(9a),22,67,0,,67,3.1,67,
agreement(9a),23,67,0,,67,3.27,67,
agreement(9a),24,67,0,,67,3.4,67,
agreement(9a),25,67,0,,67,2.93,67,
poetry_impact,40,67,0,,67,3.22,67,
poetry_impact,41,66,0,,66,3.08,66,
poetry_impact,42,66,0,,66,3.02,66,
poetry_impact,43,67,0,,67,3.34,67,
poetry_impact,44,67,0,,67,3.33,67,
rhetoric,45,67,0,,67,3.25,67,
rhetoric,46,67,0,,67,3.22,67,
rhetoric,47,67,0,,67,3.06,67,
rhetoric,48,67,0,,67,3.19,67,
rhetoric,49,67,0,,67,3.12,67,
challenges_block,50,67,0,,67,2.85,67,
challenges_block,51,67,0,,67,4.1,67,
challenges_block,52,66,0,,66,3.74,66,
challenges_block,53,67,0,,67,3.78,67,
ethics(12),37,67,47,3.09,67,3.48,20,0.39
ethics(12),38,65,46,3.07,65,3.51,19,0.44
