participant_id,response_ar,coder_A_rule_based,coder_B_independent,automated_adjudication,final_code_used,human_decision,human_note
P004,إذا زاد استخدامه عن حده فيؤدي للاعتمادية,conditional,dependency,conditional,conditional,,
P005,يهدم الابتكار والفردية,conditional,innovation,ERROR,ERROR,,
P007,في بعض الأحيان,conditional,uncodable,uncodable,uncodable,,
P014,الآثنين معاً,uncodable,conditional,conditional,conditional,,
P015,محايد ، بعض الناس يعتمدون عليه بشكل مفرط بينما آخرون يعتمدون عليه كوسيلة للإبداع والابتكار,innovation,conditional,conditional,conditional,,
P034,هذا الأمر نسبي و يعتمد على عقلية من يستخدمه,uncodable,conditional,conditional,conditional,,
P036,يعتمد على استخدام الفرد له,uncodable,conditional,conditional,conditional,,
P045,إذا زاد استخدامه عن حده يصبح اعتمادية,conditional,dependency,conditional,conditional,,
P047,يعتمد على استخدام الفرد وتفكيره اتجاه الذكاء الاصطناعي وإنني أرى أن الذكاء الاصطناعي يدعم الفرد للابتكار ويقوم بتنوير بصيرته في حالة استخدامه الصحيح للذكاء الاصطناعي.,innovation,conditional,conditional,conditional,,
P057,لا اعلم حسب,conditional,uncodable,uncodable,uncodable,,
P058,الاثنين,conditional,uncodable,uncodable,uncodable,,
P082,يعتمد على الطالب.,uncodable,conditional,conditional,conditional,,
P084,يختلف ذلك بين طالب وآخر هناك من يتّكل عليهِ في صغيرهِ وكبيرهِ وهناك من يجعله أداةً للإبداع واكتساب المهارات,innovation,conditional,conditional,conditional,,
P085,الإعتمادية,uncodable,dependency,dependency,dependency,,
P087,أرى أنه يعتمد على كيفية الإستخدام,uncodable,conditional,conditional,conditional,,
P099,يعزز,innovation,uncodable,innovation,innovation,,
P100,يعزز الاعتماديه,conditional,dependency,dependency,dependency,,
P103,قد يؤدي الى الاعتمادية احيانا,conditional,dependency,dependency,dependency,,
P106,يعتمد على الشخص نفسه,uncodable,conditional,conditional,conditional,,
P109,يعزز الابتكار إن لم يعتمد عليه,innovation,conditional,conditional,conditional,,
P114,الأمرين معا,uncodable,conditional,conditional,conditional,,
P117,الابتكار، لو ضبط استخدامه بما يعزز الإنتاجية والتفنن.,innovation,conditional,conditional,conditional,,
P121,يعتمد على المستخدم وطريقة استغلاله لهذه الأداة.,uncodable,conditional,conditional,conditional,,
P122,"هنا أقف محايدةً. ما أراه اليوم في محيطنا الجامعيّ من نقاشاتٍ، وأحاديثٍ، وغيرها…تُشير إلى أنَّ نسبةً كبيرةً من الطلبة يعتمدون اعتمادًا كليّا على الذكاء الاصطناعيّ في إكمال متطلباتهم الجامعيّة وهذا مؤسف جدًا وأمرٌ لا نَسعد به بتاتًا..قُتِل التفكير، قُتِل الإبداع، قُتِلت الأمانة العلميّة! ممّا يُؤلم حقًا، عندما نرى طلابًا من جامِعتنا المتميزة يقفون على خشبة التخرج ويقولون بكلِّ ثقةٍ وفخرٍ واعتزازٍ: ""تخرجنا نحن وشات""، ليس المُؤلم وجود الذكاء الاصطناعيّ بحد ذاته، ولا حتى استخدامه، إنّما الاعتماد الكليّ عليه حتى باتَ العقل في سُباتٍ عميق وفقد الطلاب مهاراتِهم الإبداعيّة. في المُقابل، إنّني لا أنكر أنَّ الذكاء الاصطناعيّ أداةٌ مساعدة لنا، وتعزز الابتكار بالتأكيد في حالة استخدامها بالطريقة الصحيحة وبالحدود المعقولة.",conditional,dependency,conditional,conditional,,
P123,الابتكار، من خلال التعليمات المنشأة من قبل الآمر.,innovation,ERROR,innovation,innovation,,
P127,كلا الجانبَيْن، وما يحكمه هو طريقة استخدام الفرد لأدوات الذكاء الاصطناعي.,uncodable,conditional,conditional,conditional,,
P128,يساعد في العصف الذهني في العمق في الأفكار، وتعميق الإشكالات.,uncodable,innovation,innovation,innovation,,
P138,يعتمد على استخدام الشخص,uncodable,conditional,conditional,conditional,,
P140,الجانبان,uncodable,conditional,conditional,conditional,,
