participant_id,final_code
P001,dependency
P002,dependency
P003,dependency
P004,conditional
P005,dependency
P006,innovation
P007,uncodable
P008,uncodable
P009,conditional
P010,innovation
P011,innovation
P012,conditional
P013,innovation
P014,conditional
P015,conditional
P016,conditional
P017,innovation
P018,conditional
P019,conditional
P020,innovation
P021,conditional
P022,conditional
P023,conditional
P024,conditional
P025,conditional
P026,conditional
P027,dependency
P028,conditional
P029,innovation
P030,innovation
P031,conditional
P032,innovation
P033,conditional
P034,conditional
P035,conditional
P036,conditional
P037,dependency
P038,innovation
P039,conditional
P040,uncodable
P041,conditional
P042,dependency
P043,conditional
P044,dependency
P045,conditional
P046,dependency
P047,conditional
P048,dependency
P049,innovation
P050,conditional
P051,conditional
P052,conditional
P053,conditional
P054,innovation
P055,innovation
P056,dependency
P057,uncodable
P058,conditional
P059,dependency
P060,innovation
P061,conditional
P062,conditional
P063,conditional
P064,uncodable
P065,dependency
P066,innovation
P067,conditional
P068,uncodable
P069,conditional
P070,innovation
P071,dependency
P072,innovation
P073,conditional
P074,conditional
P075,conditional
P076,uncodable
P077,innovation
P078,conditional
P079,conditional
P080,conditional
P081,innovation
P082,conditional
P083,innovation
P084,conditional
P085,dependency
P086,innovation
P087,conditional
P088,dependency
P089,dependency
P090,innovation
P091,innovation
P092,innovation
P093,conditional
P094,conditional
P095,dependency
P096,conditional
P097,innovation
P098,conditional
P099,innovation
P100,dependency
P101,dependency
P102,dependency
P103,dependency
P104,dependency
P105,conditional
P106,conditional
P107,uncodable
P108,conditional
P109,conditional
P110,uncodable
P111,conditional
P112,dependency
P113,conditional
P114,conditional
P115,innovation
P116,conditional
P117,conditional
P118,conditional
P119,dependency
P120,innovation
P121,conditional
P122,conditional
P123,conditional
P124,conditional
P125,innovation
P126,conditional
P127,conditional
P128,innovation
P129,innovation
P130,conditional
P131,dependency
P132,dependency
P133,conditional
P134,uncodable
P135,conditional
P136,innovation
P137,innovation
P138,conditional
P139,conditional
P140,conditional
P141,conditional
P142,innovation
P143,conditional
P144,dependency
P145,innovation
